product_name;product_price
Teclado Mecanico Gamer Fizz Rgb Laranja Preto e Cinza Switch Marrom;R$ 229,99
Teclado para Notebook bringIT compatível com Acer Aspire 5738 Preto A;R$ 63,84
Suporte Para Teclado Em X 2040 Com Trava Pino;R$ 471,45
Teclado Mecânico Corpo do Eixo 63 Teclas Layout Compatível Dura;R$ 542,00
Teclado Compatível Para Lenovo 25-011647 25-011670 25-011691;R$ 83,44
Teclado Gamer Skyloong Daybreak Gk104 8K Optical Rgb Usb Switch Silver Preto;R$ 528,00
Teclado Acer Aspire V5-471-6876 Abtn2;R$ 53,71
Kit de teclado Gamer de 35 teclas com mouse retroiluminado para uma mão;R$ 561,00
Teclado Duex, Usb, Abnt2, Preto - Dxkb156;R$ 42,69
Kit Teclado E Mouse Lecoo Cm105 Usb Preto;R$ 113,58
Teclado Mecânico Redragon Dark Avenger - RGB - Switch Outemu Blue - K568RGB-2 - ABNT2;R$ 189,90
Teclado mecânico de 63 teclas durável com teclas coloridas;R$ 923,00
Teclado Make Thor Metallic;R$ 405,00
Kit Mouse E Teclado Logitech Mk235 Sem Fio;R$ 138,99
Teclado + Mouse Logitech Mk540 Wireless Preto - 920-008674;R$ 316,87
Teclado vxpro, usb, ABNT2, Preto - VXKB110;R$ 42,72
Teclado para Notebook bringIT compatível com Acer Aspire 4738 ABNT2, P;R$ 60,04
Teclado para Notebook bringIT compatível com Acer Part Number Q5WPH P;R$ 53,58
Teclado C3tech K-bt50bk Bluetooth Recarregável;R$ 99,00
Teclado para Notebook bringIT compatível com Acer Aspire 5810T-8929 AB;R$ 63,84
Teclado para Notebook bringIT compatível com HP Pavilion G4-1350BR Pr;R$ 63,84
Kit Teclado E Mouse Logitech Mk220 Wireless Abnt2;R$ 129,99
Teclado Gamer X Zone GTB-01;R$ 59,90
Mini Teclado Slim USB TC154 Multilaser;R$ 48,20
Teclado com Fio Maxprint Universitário USB 2.0, Padrão ABNT-2, Preto;R$ 26,75
Teclado Numerico USB com Fio;R$ 26,90
Teclado Maxprint padrão USB 2.0 Universitário preto - 60000140;R$ 26,91
Mini Teclado Keyboard Controle Com Touchpad Backlit Led;R$ 26,91
Kit De Limpeza 7 Em 1 Multifunção Teclado Fones Pc Celulares Rosa;R$ 26,91
Teclado Multimidia Computador Usb - K2 Mb4113;R$ 27,67
Teclado Usb Numerico Exbom Bk-N30;R$ 27,81
Teclado Básico Slim USB TC213 Multilaser;R$ 27,90
Teclado Multilaser Slim Standard USB - TC065;R$ 27,90
Teclado Padrão Usb Shortcut K5 Mb54155 Mbtech Abnt2 Windows;R$ 28,00
Adesivo Para Teclado Musical Com Notas Para Iniciantes;R$ 28,30
Teclado USB C3 Plus Padrão Preto KB-15BK;R$ 28,34
Teclado Preto Com Verde Start 2.0 Para Jogos - Abnt2;R$ 28,40
Teclado Silicone Porteiro Xpe Plus Id Intelbras;R$ 28,43
Teclado Hoopson Standard USB Home Office - TPC 058;R$ 28,90
Teclado Numérico K-Mex Usb Kp-2403 Preto;R$ 28,90
Teclado usb 0014 Bright CX 1 UN;R$ 29,40
Teclado Usb Preto Deko Rl-K01;R$ 29,61
Teclado Padrao Usb - Preto Max 1pc 60814-5;R$ 29,83
Teclado USB Go Tech LK-501 ABNT2 Preto;R$ 29,90
Teclado Computador Notebook Usb Pc Abnt2 Kross;R$ 29,90
Controle Televisão Mini Teclado Sem Fio Bateria Recarregável;R$ 29,90
Teclado USB Multimidia KB-M11BK Preto C3 TECH;R$ 29,90
TECLADO USB 8151 PRETO BRX;R$ 29,99
Teclado Mecânico Gamer Sem Fio Logitech G915 TKL com RGB LIGHTSYNC, USB ou Bluetooth, Controles de Mídia, Design Ultrafino, Exclusivo Switch de Perfil Baixo GL Tactile e Bateria Recarregável - Branco;R$ 1.329,00
Teclado Mecânico Gamer Redragon Mitra, RGB, Switch Outemu Brown, ABNT2, Preto - K551RGB-1 (PT-BROWN);R$ 335,40
Teclado Multimídia USB Dell KB522;R$ 129,00
Teclado Gamer Logitech G213 Com Layout Abnt2, Rgb Lightsync, Controles De Mídia Dedicados, Design Durável E Resistente À Respingos;R$ 316,90
TECLADO ROCK STAR ZOOP TOYS;R$ 140,98
Teclado Logitech USB Membrana ABNT2 Preto K120 920-004423;R$ 69,90
Teclado Mecânico Gamer Redragon Dark Avenger, RGB, Switch Outemu Brown, ABNT2 - K568RGB-2;R$ 238,00
Combo Teclado e Mouse sem fio Logitech MK270 com Teclas de Mídia de Fácil Acesso, Conexão USB, Pilhas Inclusas e Layout ABNT2;R$ 158,99
Teclado e Mouse sem fio Dell - KM3322W;R$ 141,55
Teclado Mecânico Redragon Dark Avenger - RGB - Switch Outemu Blue - K568RGB-2 - ABNT2;R$ 189,90
Teclado E Mouse Logitech Mk220 Sem Fio Compacto Abnt2;R$ 81,90
Kit Mouse E Teclado Logitech Mk235 Sem Fio;R$ 138,99
Kit Teclado e Mouse Logitech MK295 sem fio - Tecnologia SilentTouch para digitação e cliques silenciosos, Conexão sem fio de 2,4 GHz e um pequeno receptor USB - 920-009793;R$ 212,00
Combo Teclado e Mouse CSI50 Sem Fio Preto Intelbras;R$ 124,99
Teclado Mecânico Gamer Redragon Dark Avenger Rainbow Blue;R$ 188,59
Teclado Mecânico Redragon Kumara Single Color Lunar White Switch K552W-2;R$ 180,00
Combo Teclado e Mouse sem fio Logitech MK345 com Teclado com Apoio para as Mãos e Mouse Destro - Conexão USB, Pilhas Inclusas e Layout ABNT2;R$ 207,97
Teclado Gamer Redragon Kumara Lunar White RGB Switch Vermelho K552W-RGB;R$ 299,88
TECLADO GAMER MECâNICO E MACRO KANE WARRIOR - TC236;R$ 332,71
Redragon TECLADO OPTICO GAMER MAGIC-WAND PRO RGB BRANCO SWITCH AZUL ABNT2;R$ 358,00
Teclado Mecânico Gamer Logitech G713 RGB LIGHTSYNC Com Switch GX Red Linear, Apoio para Mãos em Formato de Nuvem, Compatível Com PC e Mac, Layout ABNT;R$ 899,99
Teclado numérico sem fio 2.4G portátil de 35 teclas Contabilidade financeira Teclado de escritório Bateria recarregável integrada preta;R$ 217,90
Teclado Gamer Eg206 Hawke Com Fio Evolut;R$ 48,69
TECLADO GAMER VX GAMING DEFENDER ABNT2 MULTIMÍDIA LED 7 CORES 1.8 METROS USB - GT300 - VINIK;R$ 105,84
